report_filename,report_year,report_quarter,chronological_order,monetary_stance,stance_score,confidence_level,forward_guidance,key_policy_signal,preocupacion_inflacion,preocupacion_crecimiento,fortaleza_empleo,incertidumbre_politica,senales_expansivas,senales_restrictivas,processing_timestamp,processing_cost,inflacion_summary,tasas_de_interes_summary,actividad_economica_empleo_summary,total_reports,report_date
enero-marzo 2018.pdf,2018,Q1,1,Neutral,0.0,0.7,La Junta mantendrá una postura monetaria prudente y atenta a la inflación.,La política monetaria actuará de manera oportuna y firme si es necesario.,1.0,0.5,0.5,1.0,0.5,1.0,2025-09-25T12:50:31.087067,0.0,• No se encontró información relevante sobre inflacion en este informe.,"En su reciente informe, el Banco de México (Banxico) decidió incrementar la Tasa de Interés Interbancaria a 1 día en 25 puntos base, llevándola a un nivel más alto. Esta decisión se justifica por la necesidad de controlar la inflación, que ha mostrado presiones al alza debido a factores como el aumento en los precios de los alimentos y la energía, así como la depreciación del peso. La Junta de Gobierno considera que un ajuste en la tasa es esencial para anclar las expectativas inflacionarias y mantener la estabilidad de precios.

En cuanto a las perspectivas futuras, Banxico sugiere que la trayectoria de las tasas dependerá de la evolución de la inflación y de las condiciones económicas internas y externas. Se anticipa que, si las presiones inflacionarias persisten, podrían ser necesarios más incrementos. Comparativamente, la postura de México se mantiene más restrictiva que la de Estados Unidos, donde la Reserva Federal ha adoptado un enfoque más cauteloso. Esto refleja la necesidad de Banxico de abordar desafíos inflacionarios específicos del país, a pesar de un entorno global de tasas más bajas.",• No se encontró información relevante sobre actividad_economica_empleo en este informe.,30,2018-03-01T00:00:00
abril-junio 2018.pdf,2018,Q2,2,Restrictiva,1.0,0.8,La política monetaria se mantendrá prudente ante la inflación.,Se requiere actuar de manera oportuna y firme.,0.7,0.6,0.5,0.8,0.4,0.6,2025-09-25T12:50:41.454099,0.0,• No se encontró información relevante sobre inflacion en este informe.,"**Decisión de Política:**
La Junta de Gobierno de Banxico decidió mantener la Tasa Objetivo en un nivel prudente, justificando esta decisión por la necesidad de enfrentar un entorno económico complejo, tanto a nivel interno como externo. Los factores económicos clave que motivaron esta decisión incluyen la evolución de la inflación y sus expectativas, así como la importancia de adoptar medidas que fomenten la productividad y la sostenibilidad de las finanzas públicas.

**Perspectivas:**
A futuro, Banxico sugiere que la trayectoria de las tasas dependerá de la evolución de la inflación y de los riesgos asociados a su comportamiento. La postura de política monetaria se mantendrá firme y prudente, con un enfoque en la estabilidad de precios. En comparación con Estados Unidos, México se posiciona con una política monetaria cautelosa, buscando equilibrar el crecimiento económico y la contención de la inflación, lo que podría diferenciar su trayectoria de tasas en el contexto de decisiones de la Reserva Federal.",• No se encontró información relevante sobre actividad_economica_empleo en este informe.,30,2018-06-01T00:00:00
julio-septiembre 2018.pdf,2018,Q3,3,Restrictiva,1.0,0.8,Banxico mantendrá su postura monetaria para controlar la inflación.,La inflación presenta importantes retos que requieren prudencia.,1.0,0.5,0.5,1.0,0.0,1.0,2025-09-25T12:50:55.306733,0.0,"**Evaluación Actual:** La inflación general actual se sitúa en 4.9%, por encima del objetivo del Banco de México (Banxico) de 3% ± 1%. La inflación subyacente es de 3.6%, también superior al objetivo. Los factores clave que impulsan la dinámica inflacionaria incluyen la debilidad en la inversión, el estancamiento de la productividad y presiones en la formación de precios, como cambios en salarios y costos de insumos.

**Perspectivas:** Se prevé que la inflación general se acerque al objetivo de 3% a lo largo de 2019, aunque con riesgos al alza. Las expectativas de inflación a mediano y largo plazo podrían ajustarse debido a la persistencia de la inflación y la debilidad estructural en las finanzas públicas. Esto sugiere un entorno inflacionario complicado que podría requerir ajustes en la política monetaria. Banxico deberá considerar estas proyecciones y riesgos al decidir sobre futuras tasas de interés, buscando equilibrar el crecimiento económico con el control de la inflación.",• No se encontró información relevante sobre tasas_de_interes en este informe.,"En el informe trimestral de Banxico, se destaca un crecimiento robusto del PIB en Estados Unidos, con una tasa de desempleo de 3.7%, la más baja en casi 50 años, lo que indica un mercado laboral apretado. Durante el periodo analizado, se generaron en promedio 190 mil nuevos empleos mensuales, superando el crecimiento necesario para absorber la fuerza laboral, y en octubre se alcanzaron 250 mil nuevas plazas. Esto refleja un dinamismo significativo en el empleo formal, aunque no se mencionan cambios específicos en los salarios.

Las condiciones de holgura económica son limitadas, dado el bajo desempleo y la creación constante de empleos. Esto sugiere que la economía está operando cerca de su capacidad máxima, lo que podría generar presiones inflacionarias en el futuro. La fuerte demanda laboral y el aumento en la creación de empleos pueden llevar a un incremento en los salarios, lo que, a su vez, podría alimentar la inflación. En resumen, el entorno económico actual presenta un crecimiento sólido, pero con riesgos inflacionarios potenciales debido a la tensión en el mercado laboral.",30,2018-09-01T00:00:00
octubre-diciembre 2018.pdf,2018,Q4,4,Restrictiva,1.0,0.8,La política monetaria se mantendrá atenta a la inflación.,Se busca la convergencia de la inflación a su meta.,0.5,0.4,0.6,0.7,0.3,0.5,2025-09-25T12:51:05.885900,0.0,"**Evaluación Actual:**
La inflación general actual se sitúa en 4.8%, por encima del objetivo del Banco de México (3% +/- 1%). La inflación subyacente es de 3.7%, también superior al objetivo. Los factores clave que impulsan la dinámica inflacionaria incluyen presiones en los precios de bienes y servicios, así como la volatilidad en la cotización de la moneda nacional, afectada por incertidumbres internas y externas.

**Perspectivas:**
Los pronósticos indican que la inflación general podría mantenerse elevada, con un sesgo al alza en el balance de riesgos. Esto se debe a la posibilidad de nuevas presiones inflacionarias y a la incertidumbre económica. Las implicaciones para la política monetaria sugieren que el Banco de México podría necesitar adoptar medidas más restrictivas para controlar la inflación, considerando que los riesgos de un entorno inflacionario persistente son significativos. La atención se centrará en la evolución de la cotización del peso y en la capacidad de la economía para absorber choques externos.","**Decisión de Política:**
En octubre, Banxico decidió mantener la Tasa de Interés Interbancaria en 7.75%, justificando la medida por la preocupación sobre la inflación, especialmente la no subyacente, que enfrenta riesgos tanto internos como externos. Los factores que motivaron esta decisión incluyen la volatilidad en la cotización del peso, presiones sobre los precios de energéticos y productos agropecuarios, y el potencial impacto de medidas proteccionistas a nivel global.

**Perspectivas:**
Banxico anticipa que la trayectoria de tasas podría ajustarse en respuesta a la evolución de la inflación y los riesgos asociados. En las reuniones de noviembre y diciembre, se incrementó la tasa a 8.25%, lo que indica una postura más restrictiva para contener la inflación. En comparación con Estados Unidos, donde la política monetaria también se ha endurecido, México enfrenta un contexto particular de riesgos que podrían influir en su política, sugiriendo que las decisiones futuras dependerán de la evolución de la inflación y la estabilidad económica.","En el cuarto trimestre de 2018, el crecimiento del PIB mostró signos de moderación, con un consumo privado dinámico pero desacelerado, impulsado por un mercado laboral robusto y estímulos fiscales. Sin embargo, la inversión residencial se contrajo debido al aumento de las tasas de interés hipotecarias y los altos precios de la vivienda, mientras que la inversión no residencial continuó débil, reflejando un deterioro en la confianza empresarial.

En el ámbito laboral, la desocupación se mantuvo baja, y el empleo formal mostró un crecimiento moderado, lo que contribuyó a la estabilidad de los salarios. Estas condiciones sugieren una holgura económica, lo que podría limitar las presiones inflacionarias a corto plazo. Sin embargo, la contracción en la inversión y la moderación del consumo podrían generar un efecto a largo plazo en el crecimiento económico, afectando la capacidad de la economía para absorber shocks y mantener la inflación bajo control. En resumen, aunque las condiciones laborales son favorables, la debilidad en la inversión podría complicar el panorama económico futuro.",30,2018-12-01T00:00:00
enero-marzo 2019.pdf,2019,Q1,5,Neutral,0.0,0.7,La política monetaria debe responder con prudencia ante la incertidumbre.,Se mantiene la tasa de interés en 8.25% debido a bajo crecimiento.,0.7,0.8,0.5,0.6,0.4,0.5,2025-09-25T12:51:16.992480,0.0,"**Evaluación Actual:**
La inflación general se sitúa en 3.0%, alineándose con el objetivo del Banco de México (Banxico) de 3% +/- 1%. La inflación subyacente también se mantiene en 3.0%, lo que indica estabilidad en los precios de bienes y servicios básicos. Sin embargo, factores como la persistencia de la inflación a mediano y largo plazo y la presión en las expectativas inflacionarias podrían influir negativamente en la dinámica inflacionaria.

**Perspectivas:**
Los pronósticos de inflación están sujetos a riesgos tanto al alza como a la baja. Entre los riesgos al alza se incluye la posible presión sobre la cotización de la moneda nacional por factores externos o internos. Por otro lado, los riesgos a la baja podrían derivarse de menores variaciones en los precios de ciertos bienes. Estas condiciones sugieren que la política monetaria deberá mantenerse vigilante, ya que la evolución de la inflación podría requerir ajustes en las tasas de interés para asegurar la estabilidad de precios y cumplir con el objetivo inflacionario a largo plazo.","**Decisión de Política:**
El Banco de México (Banxico) decidió mantener la Tasa de Interés Interbancaria a 1 día en 8.25% en su reunión del 7 de febrero de 2019. Esta decisión se justifica por la necesidad de controlar la inflación, que se mantiene por encima de la meta del 3%, así como por la incertidumbre económica tanto a nivel nacional como internacional. Factores como la volatilidad en los mercados financieros y la debilidad del peso frente al dólar también influyeron en esta decisión.

**Perspectivas:**
Banxico sugiere que la trayectoria futura de las tasas dependerá de la evolución de la inflación y de las condiciones económicas globales. Se espera que, si la inflación se estabiliza, podría haber espacio para ajustes en la tasa. En comparación con Estados Unidos, donde la Reserva Federal ha adoptado una postura más flexible, México mantiene una postura más restrictiva para salvaguardar la estabilidad de precios, lo que podría influir en la atracción de inversiones y en la fortaleza del peso.","En el primer trimestre de 2019, la economía de Estados Unidos mostró un crecimiento del PIB de 3.2% anualizado, impulsado por un aumento en las exportaciones netas y la inversión en inventarios. Sin embargo, la demanda interna se desaceleró, con un gasto en consumo privado y una inversión fija de negocios más moderados. Se anticipa una recuperación en estos componentes en el segundo trimestre, aunque se prevé una desaceleración del crecimiento a mediano plazo debido a la disminución de los efectos del estímulo fiscal de 2017.

En cuanto al mercado laboral, aunque el informe no proporciona cifras específicas sobre desocupación y salarios, la moderación en el crecimiento económico podría implicar condiciones de holgura económica, lo que podría afectar la creación de empleo formal y la evolución de los salarios.

Las implicaciones de estas condiciones sugieren que, si la economía enfrenta holgura, las presiones inflacionarias podrían mantenerse contenidas en el futuro, dado que un mercado laboral menos ajustado tiende a limitar el aumento de salarios y, por ende, la inflación. Esto podría ofrecer un entorno más estable para la política monetaria del Banxico.",30,2019-03-01T00:00:00
abril-junio 2019.pdf,2019,Q2,6,Neutral,0.0,0.7,La política monetaria se ajustará según la evolución de la inflación.,Persisten riesgos que afectan la inflación y el crecimiento.,0.8,0.7,0.5,0.9,0.4,0.6,2025-09-25T12:51:31.405037,0.0,"**Evaluación Actual:**
La inflación general y subyacente se encuentran por encima del objetivo del Banco de México (Banxico) de 3% +/- 1%. La inflación subyacente muestra una persistencia que preocupa, lo que sugiere que las presiones inflacionarias son más estructurales que transitorias. Factores clave que impulsan esta dinámica incluyen la incertidumbre económica, condiciones de holgura en el mercado laboral y el aumento en los costos de producción.

**Perspectivas:**
Se pronostica que la inflación subyacente se estabilizará cerca del 3% a partir del segundo trimestre de 2020, aunque los riesgos a la alza persisten. Estos riesgos incluyen la continuidad de la inflación subyacente elevada y la posibilidad de que factores externos, como el aumento de precios internacionales, afecten la inflación local. Las implicaciones para la política monetaria son claras: Banxico deberá mantener una vigilancia constante y estar preparado para ajustar la tasa de referencia si es necesario, asegurando así la convergencia ordenada de la inflación general hacia su meta. Esto sugiere un enfoque cauteloso y proactivo en la gestión de la política monetaria.",• No se encontró información relevante sobre tasas_de_interes en este informe.,"En el segundo trimestre de 2019, el Banco de México reportó un crecimiento del PIB por debajo de lo esperado, con una ampliación de la brecha del producto en terreno negativo, lo que indica condiciones de holgura económica. El mercado laboral mostró una desaceleración en la creación de empleos formales y un aumento en la desocupación, lo que sugiere una menor presión sobre los salarios. La holgura en el consumo también se relajó, reflejando una disminución en la demanda agregada.

Las implicaciones de estas condiciones son significativas. La holgura económica sugiere que la economía no está operando a su capacidad máxima, lo que podría limitar las presiones inflacionarias a corto plazo. Sin embargo, la desaceleración en el crecimiento y el empleo podría generar un entorno de incertidumbre que afecte la confianza del consumidor y la inversión. A largo plazo, si la economía no se recupera, podría haber un riesgo de estancamiento, lo que complicaría la gestión de la inflación y la política monetaria del Banxico.",30,2019-06-01T00:00:00
julio-septiembre 2019.pdf,2019,Q3,7,Expansiva,-1.0,0.7,Banxico busca suavizar el ciclo económico con recortes de tasas.,Reducción de la tasa de interés en 25 puntos base.,1.0,1.0,0.5,1.0,0.5,1.0,2025-09-25T12:51:46.007784,0.0,"**Evaluación Actual:**
La inflación general y subyacente se mantienen por encima del objetivo del Banco de México (Banxico) de 3% +/- 1%. La inflación subyacente muestra una persistencia preocupante, lo que indica que las presiones inflacionarias son más estructurales que transitorias. Factores clave que impulsan esta dinámica incluyen aumentos salariales que superan las ganancias en productividad, la volatilidad en la cotización del peso, y posibles incrementos en los precios de bienes agropecuarios y energéticos. Además, la incertidumbre sobre aranceles y la salud de las finanzas públicas contribuyen a un entorno inflacionario complejo.

**Perspectivas:**
Las previsiones de inflación están sujetas a riesgos al alza, como la persistencia de la inflación subyacente y presiones externas sobre la moneda. Sin embargo, también existen riesgos a la baja, como una posible apreciación del peso. Estas condiciones sugieren que Banxico podría necesitar mantener una postura restrictiva en su política monetaria para controlar la inflación. La situación actual requiere un monitoreo constante para ajustar las medidas necesarias y asegurar que la inflación se encamine hacia el objetivo establecido.",• No se encontró información relevante sobre tasas_de_interes en este informe.,"El informe trimestral de Banxico revela un estancamiento en la actividad económica, evidenciado por la debilidad en el crecimiento del PIB y en los indicadores de demanda agregada. A pesar de la desaceleración global, el PIB de México muestra un crecimiento limitado, lo que sugiere una falta de dinamismo en sectores clave. En el mercado laboral, la desocupación se mantiene en niveles preocupantes, mientras que el empleo formal y los salarios no presentan mejoras significativas, lo que indica una precariedad en las condiciones laborales.

Las condiciones de holgura económica son evidentes, lo que podría mitigar las presiones inflacionarias en el corto plazo. Sin embargo, la persistente debilidad en la actividad económica y el empleo podría generar tensiones a largo plazo si no se implementan políticas efectivas para estimular el crecimiento. La falta de recuperación en el mercado laboral y el estancamiento del PIB sugieren que las expectativas de inflación podrían mantenerse contenidas, pero la situación requiere atención para evitar un deterioro mayor en la economía real.",30,2019-09-01T00:00:00
octubre-diciembre 2019.pdf,2019,Q4,8,Expansiva,-1.0,0.7,Se espera que la debilidad económica persista en el corto plazo.,El balance de riesgos para el crecimiento sigue sesgado a la baja.,0.5,0.8,0.4,0.7,0.3,0.6,2025-09-25T12:51:55.514661,0.0,"**Evaluación Actual:** La inflación general se sitúa por encima del objetivo del 3% +/- 1%, con la inflación subyacente mostrando resistencia a la baja. Factores clave que impulsan esta dinámica incluyen aumentos en los salarios mínimos que superan las ganancias en productividad, lo que genera presiones de costos. Además, la cotización del peso enfrenta riesgos por factores externos, como la incertidumbre en los mercados financieros internacionales y el proceso electoral en EE. UU., así como por problemas internos, como el deterioro de las finanzas públicas. También se prevén incrementos en los precios agropecuarios.

**Perspectivas:** Los pronósticos sugieren que la inflación podría mantenerse elevada, con un balance de riesgos inclinado hacia el alza debido a los factores mencionados. Las implicaciones para la política monetaria son claras: Banxico podría verse obligado a mantener una postura restrictiva para controlar la inflación, lo que podría afectar el crecimiento económico. La atención se centrará en la evolución de los precios de los energéticos y la respuesta del mercado laboral a los aumentos salariales.","En su informe trimestral, el Banco de México (Banxico) decidió reducir la Tasa de Interés Interbancaria en 25 puntos base en noviembre, diciembre de 2019 y febrero de 2020. Esta decisión se justificó por el estancamiento de la actividad económica, que mostró condiciones de holgura más amplias de lo anticipado, lo que sugiere una debilidad persistente en el crecimiento. La Junta de Gobierno destacó que la brecha de producto se mantenía en terreno negativo, lo que refuerza la necesidad de estimular la economía a través de tasas más bajas.

En cuanto a las perspectivas futuras, Banxico indicó que la trayectoria de tasas podría continuar siendo a la baja, dado el balance de riesgos sesgado hacia el crecimiento económico. Además, la incertidumbre sobre la inflación sigue siendo un factor relevante, lo que podría influir en futuras decisiones de política monetaria. Comparativamente, la postura de México se mantiene cautelosa frente a la política monetaria de Estados Unidos, donde las decisiones pueden estar más influenciadas por un contexto económico diferente, lo que podría generar divergencias en las trayectorias de tasas entre ambos países.","En el cuarto trimestre, el PIB de Estados Unidos creció a una tasa anualizada de 2.1%, sostenido por la inversión residencial, el gasto público y el consumo privado, aunque este último muestra signos de desaceleración debido al menor crecimiento del ingreso personal. Las exportaciones netas también contribuyeron positivamente, mientras que la inversión en equipo y estructuras continuó en contracción.

En cuanto al mercado laboral, aunque el informe no proporciona cifras específicas sobre desocupación y empleo formal, la tendencia de desaceleración en el consumo podría reflejarse en una presión sobre el empleo y los salarios en el futuro.

Las condiciones de holgura económica se evidencian por la desaceleración del consumo y la contracción en la inversión, lo que sugiere un entorno menos dinámico. Esto podría mitigar las presiones inflacionarias futuras, ya que una menor demanda podría limitar el aumento de precios. Sin embargo, la contribución positiva de las exportaciones netas podría ofrecer un contrapeso a estas dinámicas, dependiendo de la evolución del comercio internacional y la inversión.",30,2019-12-01T00:00:00
enero-marzo 2020.pdf,2020,Q1,9,Expansiva,-1.0,0.7,Banxico continuará evaluando la situación económica y ajustará su política.,Reducción de tasas para estimular la economía.,1.0,1.0,0.5,1.0,0.5,1.0,2025-09-25T12:52:06.982215,0.0,• No se encontró información relevante sobre inflacion en este informe.,• No se encontró información relevante sobre tasas_de_interes en este informe.,"En el primer trimestre de 2020, el PIB de Estados Unidos se contrajo un 4.8% anualizado, afectado por la pandemia de COVID-19, que impactó negativamente el consumo privado y la inversión. Aunque la inversión residencial y el gasto gubernamental mitigaron parcialmente la caída, se anticipa un deterioro adicional en la actividad económica para el segundo trimestre, reflejado en índices de confianza y ventas al menudeo.

En cuanto al mercado laboral, aunque el texto no proporciona datos específicos sobre desocupación y salarios, la contracción económica generalmente se asocia con un aumento en la desocupación y presiones a la baja en los salarios, especialmente en el empleo formal.

Las condiciones de holgura económica son evidentes, dado el descenso en el PIB y la posible disminución en la actividad laboral. Esto sugiere que las presiones inflacionarias futuras podrían ser moderadas, ya que una economía débil tiende a limitar el aumento de precios. Sin embargo, la recuperación dependerá de la evolución de la pandemia y de las políticas económicas implementadas para estimular la actividad.",30,2020-03-01T00:00:00
abril-junio 2020.pdf,2020,Q2,10,Restrictiva,1.0,0.8,La política monetaria se ajustará según la evolución de la inflación.,Se prioriza la estabilidad de la inflación y el sistema financiero.,1.0,1.0,0.5,1.0,0.5,0.5,2025-09-25T12:52:18.980915,0.0,"**Evaluación Actual:**
La inflación general se sitúa por encima del objetivo del Banco de México (Banxico) de 3% +/- 1%, con una inflación subyacente fundamental promedio de 3.39% en el primer trimestre y 3.41% en el segundo, alcanzando 3.58% en la primera quincena de agosto. La inflación subyacente observada muestra niveles más altos, impulsada por choques en precios relacionados con el tipo de cambio y energéticos, así como un aumento en los precios de alimentos, que superan el crecimiento de los salarios.

**Perspectivas:**
Se anticipa que la inflación continuará presionada por factores externos e internos, con un balance de riesgos que sugiere posibles incrementos adicionales en los precios. Esto podría llevar a Banxico a mantener una postura restrictiva en su política monetaria para controlar la inflación, priorizando la estabilidad de precios sobre el crecimiento económico. La atención se centrará en la evolución de los precios de los energéticos y la respuesta del mercado laboral, que influirán en las decisiones futuras de tasas de interés.","**Decisión de Política:**
El Banco de México (Banxico) decidió reducir la Tasa de Interés Interbancaria a 1 día en 50 puntos base en varias ocasiones durante 2020, como respuesta a la crisis económica provocada por la pandemia de COVID-19. Esta medida busca estimular la economía al abaratar el costo del crédito y fomentar el consumo y la inversión. Los factores económicos clave que motivaron esta decisión incluyen la contracción del PIB, el aumento del desempleo y la necesidad de mantener la estabilidad financiera en un entorno de alta incertidumbre.

**Perspectivas:**
Banxico sugiere que la trayectoria futura de las tasas dependerá de la evolución de la economía y la inflación. Se espera que, si la recuperación económica es lenta, podrían considerarse más recortes. En comparación con Estados Unidos, donde la Reserva Federal también ha adoptado políticas expansivas, la postura de México es similar, aunque se debe considerar la diferencia en las condiciones económicas y la inflación en ambos países. Esto implica que, aunque las tasas en México podrían seguir bajando, la velocidad y magnitud dependerán de la situación interna y externa.","El informe trimestral de Banxico indica un crecimiento moderado del PIB, con un desempeño superior al nivel pre-pandemia, aunque afectado por el resurgimiento de contagios de COVID-19. La inversión privada, especialmente en bienes de capital y construcción, muestra una recuperación más lenta, lo que plantea riesgos para la continuidad del crecimiento económico. 

En el mercado laboral, la desocupación y el empleo formal presentan señales de mejora, aunque los salarios aún no reflejan un crecimiento significativo. Esto sugiere que las condiciones de holgura económica persisten, limitando la capacidad de los trabajadores para negociar mejores salarios.

Las implicaciones de estas condiciones son relevantes: la moderación en el crecimiento y la recuperación del empleo podrían mitigar las presiones inflacionarias futuras, ya que una economía con holgura tiende a contener el aumento de precios. Sin embargo, la incertidumbre relacionada con posibles nuevas restricciones por COVID-19 podría interrumpir la recuperación, afectando tanto el crecimiento del PIB como la estabilidad del mercado laboral. En resumen, el contexto actual presenta tanto oportunidades como riesgos para la economía mexicana.",30,2020-06-01T00:00:00
julio-septiembre 2020.pdf,2020,Q3,11,Restrictiva,1.0,0.8,La política monetaria dependerá de la evolución de la inflación.,Se mantiene la tasa de referencia en 4.25%.,0.8,0.7,0.6,0.5,0.4,0.6,2025-09-25T12:52:31.235436,0.0,"**Evaluación Actual:**
La inflación general y subyacente se encuentra por encima del objetivo del 3% +/- 1%, aunque se anticipa una trayectoria descendente hacia el objetivo. Factores clave que impulsan la inflación incluyen presiones de costos, efectos transitorios de eventos como ""El Buen Fin"" y una menor holgura económica. La apreciación del tipo de cambio también ha influido en la dinámica inflacionaria.

**Perspectivas:**
Se presentan pronósticos que sugieren una convergencia hacia el 3% en el mediano plazo, aunque con un ajuste a la baja en el corto plazo debido a la revisión de la inflación no subyacente. Sin embargo, se prevé que la inflación subyacente se mantenga ligeramente por encima del objetivo, con un pronóstico de alrededor del 3% en 12 a 24 meses. El balance de riesgos sigue siendo incierto, dado el impacto de la pandemia y otros choques económicos. Esto implica que la política monetaria deberá mantenerse atenta, con posibles ajustes en las tasas de interés para controlar la inflación y asegurar la estabilidad económica.","**Decisión de Política:**
La Junta de Gobierno de Banxico decidió mantener la tasa de interés objetivo, justificando que el espacio para ajustes es limitado debido a la reciente evolución de la inflación general y subyacente. La decisión se fundamenta en la necesidad de converger hacia la meta de inflación, considerando factores económicos que afectan la dinámica inflacionaria. 

**Perspectivas:**
Se anticipa que las tasas de interés se mantendrán en un rango cercano al 3% durante los próximos 12 a 24 meses, lo que sugiere una postura cautelosa ante la inflación. Banxico enfatiza la importancia de fortalecer los fundamentos macroeconómicos y adoptar medidas en los ámbitos monetario y fiscal para mejorar el ajuste de los mercados financieros y la economía en general. En comparación con Estados Unidos, la postura de México parece más conservadora, reflejando un enfoque en la estabilidad de precios y la convergencia a la meta inflacionaria, en un contexto donde las decisiones de política monetaria en EE.UU. podrían diferir en respuesta a sus propias condiciones económicas.",• No se encontró información relevante sobre actividad_economica_empleo en este informe.,30,2020-09-01T00:00:00
octubre-diciembre 2020.pdf,2020,Q4,12,Neutral,0.0,0.8,La política monetaria se ajustará según la evolución de la inflación.,Se mantiene la tasa de interés en 4.25%.,0.7,0.6,0.5,0.8,0.4,0.6,2025-09-25T12:52:41.678600,0.0,"**Evaluación Actual:**
La inflación general se encuentra actualmente por encima del objetivo del 3% +/- 1%, con presiones significativas en el tipo de cambio y en las cadenas de valor. La inflación subyacente también muestra un comportamiento elevado, lo que indica que las presiones inflacionarias no son solo transitorias. Factores clave que impulsan esta dinámica incluyen el aumento de costos internacionales y ajustes en la oferta debido a la pandemia, que continúan afectando la economía.

**Perspectivas:**
Las proyecciones para la inflación general sugieren que podría estabilizarse alrededor del 3% en un horizonte de 12 a 24 meses, aunque el balance de riesgos es incierto. Los riesgos incluyen fluctuaciones en el tipo de cambio y posibles interrupciones en las cadenas de suministro. Esto implica que la política monetaria deberá mantenerse atenta y posiblemente ajustarse para contener la inflación, considerando que la estabilidad de precios es fundamental para la recuperación económica. La incertidumbre en las proyecciones sugiere que Banxico podría necesitar adoptar un enfoque cauteloso en sus decisiones futuras.","**Decisión de Política:**
El Banco de México (Banxico) decidió mantener la Tasa de Interés Interbancaria a 1 día en 4.25% durante el cuarto trimestre de 2020. Esta decisión se justifica por la necesidad de apoyar la recuperación económica tras la crisis provocada por la pandemia de COVID-19, así como por la moderación de la inflación, que se mantiene dentro de los objetivos del banco. Factores económicos clave que motivaron esta decisión incluyen la debilidad de la actividad económica, el impacto de las restricciones sanitarias y la incertidumbre en el entorno global.

**Perspectivas:**
Banxico sugiere que la trayectoria futura de las tasas dependerá de la evolución de la inflación y la actividad económica. Se espera que, si la recuperación se consolida y la inflación se mantenga controlada, podría haber espacio para ajustes en la tasa. En comparación con Estados Unidos, donde la Reserva Federal ha adoptado una postura más expansiva, México se mantiene cauteloso, priorizando la estabilidad económica y financiera, lo que podría influir en la dinámica de tasas en ambos países a corto y mediano plazo.","El informe trimestral de Banxico indica que el crecimiento del PIB se mantiene por encima de los niveles previos a la pandemia, aunque con una notable sustitución de fuentes externas por internas. En el mercado laboral, se observa una reducción en la desocupación y un incremento en el empleo formal, aunque los salarios siguen siendo un punto de preocupación. A noviembre, los indicadores de consumo y empleo reflejan una menor holgura económica, sugiriendo un debilitamiento en la capacidad de crecimiento.

Las condiciones de holgura económica han disminuido, lo que implica que la economía se encuentra más cerca de su potencial, pero aún presenta niveles significativos de capacidad no utilizada. Esta reducción en la holgura puede tener implicaciones en las presiones inflacionarias futuras, ya que un entorno de menor capacidad ociosa podría llevar a un aumento en los precios si la demanda se mantiene o crece. En resumen, aunque la economía muestra signos de recuperación, la disminución de la holgura y la evolución del mercado laboral son factores clave a monitorear para anticipar posibles presiones inflacionarias.",30,2020-12-01T00:00:00
enero-marzo 2021.pdf,2021,Q1,13,Restrictiva,1.0,0.8,Banxico mantendrá una postura cautelosa ante la inflación.,Se mantiene la tasa de interés en 4%.,1.0,0.8,0.5,0.7,0.3,0.6,2025-09-25T12:52:51.120629,0.0,"**Evaluación Actual:**
La inflación general se ha situado por encima del objetivo del Banco de México (Banxico) de 3% +/- 1%, con niveles superiores a los anticipados, especialmente en el primer trimestre de 2021 y principios del segundo. La inflación subyacente también muestra un aumento, impulsada por un incremento en los precios de servicios, aunque se espera que esta tendencia se revierta a partir del segundo trimestre de 2022, con proyecciones que apuntan a una disminución hacia niveles ligeramente superiores al 3%.

**Perspectivas:**
Se prevé que los choques inflacionarios recientes sean transitorios, con un efecto que se desvanecerá en horizontes mayores a 12 meses. Sin embargo, la inflación general podría mantenerse alrededor del 3% a partir del segundo trimestre de 2022. Este contexto sugiere que Banxico podría adoptar una postura más cautelosa en su política monetaria, manteniendo tasas de interés estables para no exacerbar la inflación, mientras monitorea de cerca la evolución de los precios y los factores subyacentes que la afectan.",• No se encontró información relevante sobre tasas_de_interes en este informe.,• No se encontró información relevante sobre actividad_economica_empleo en este informe.,30,2021-03-01T00:00:00
abril-junio 2021.pdf,2021,Q2,14,Restrictiva,1.0,0.8,Banxico mantendrá una postura restrictiva ante la inflación.,Señales de aumento en tasas para controlar la inflación.,1.0,0.5,0.5,1.0,0.0,1.0,2025-09-25T12:53:01.066885,0.0,"**Evaluación Actual:**
La inflación general se sitúa en 3.1%, mientras que la inflación subyacente es de 3.0%, ambos dentro del objetivo del Banco de México (Banxico) de 3% +/- 1%. Sin embargo, persisten factores que impulsan la inflación, como las presiones de costos derivadas de disrupciones logísticas en las cadenas de producción y el aumento de costos laborales. Además, la reactivación económica global podría intensificar estas presiones.

**Perspectivas:**
Los pronósticos indican un balance de riesgos al alza para la inflación, sugiriendo que podría superar las expectativas anteriores. Esto se debe a la posibilidad de que los precios de los energéticos se mantengan por encima de lo previsto y a la presión de costos en el mercado laboral. Las implicaciones para la política monetaria son significativas; Banxico podría verse obligado a ajustar su postura para contener la inflación, considerando que la holgura económica podría no ser suficiente para mitigar las presiones inflacionarias. Esto podría incluir un endurecimiento de las tasas de interés si la inflación se mantiene por encima de los niveles deseados.","**Decisión de Política:**
La Junta de Gobierno de Banxico ha decidido mantener la tasa de interés objetivo con el objetivo de asegurar la convergencia de la inflación hacia la meta del 3%. Esta decisión se justifica por la necesidad de evaluar continuamente los factores que afectan la inflación y su trayectoria prevista, lo que es crucial para mantener la estabilidad económica y financiera.

**Factores económicos clave:**
Entre los factores que motivaron esta decisión se encuentran las presiones inflacionarias persistentes y la incertidumbre económica global, que requieren un enfoque cauteloso en la política monetaria.

**Perspectivas:**
En cuanto a la trayectoria futura de las tasas, Banxico sugiere que las decisiones dependerán de la evolución de la inflación y de las condiciones económicas. La postura de México se mantiene relativamente alineada con la de Estados Unidos, aunque se enfatiza la necesidad de adaptarse a las particularidades del contexto nacional. Esto implica que, aunque se puedan observar tendencias similares, las decisiones de política monetaria en México se tomarán con un enfoque centrado en la estabilidad interna.","**Condiciones Actuales:**
El PIB muestra un crecimiento moderado, impulsado por un repunte en el consumo, respaldado por mejoras en el mercado laboral y la confianza del consumidor. La tasa de desocupación ha disminuido, reflejando un aumento en el empleo formal, aunque los salarios aún enfrentan presiones. La recuperación económica se ve favorecida por los apoyos gubernamentales y el avance en la vacunación, lo que ha permitido la reactivación de actividades.

**Implicaciones:**
Las condiciones de holgura económica son evidentes, lo que sugiere que la economía aún tiene capacidad para crecer sin generar presiones inflacionarias significativas en el corto plazo. Sin embargo, el aumento en el empleo y la mejora en los salarios podrían generar presiones inflacionarias futuras si la demanda supera la oferta. Es crucial monitorear estos indicadores para anticipar posibles ajustes en la política monetaria de Banxico, que podrían ser necesarios para mantener la estabilidad de precios en un entorno de crecimiento sostenido.",30,2021-06-01T00:00:00
julio-septiembre 2021.pdf,2021,Q3,15,Restrictiva,1.0,0.85,Banxico continuará ajustando la política monetaria para controlar la inflación.,Se refuerza la postura monetaria ante riesgos inflacionarios.,1.0,0.5,0.5,1.0,0.0,1.0,2025-09-25T12:53:12.910637,0.0,• No se encontró información relevante sobre inflacion en este informe.,"**Decisión de Política:**
Banxico ha decidido mantener la tasa objetivo sin cambios, justificando esta decisión por la necesidad de evaluar las presiones inflacionarias y otros factores que afectan la inflación y sus expectativas. La Junta de Gobierno busca asegurar que la tasa de referencia esté alineada con la meta de inflación del 3%, promoviendo así un ajuste adecuado en la economía y los mercados financieros.

**Factores económicos clave:**
Entre los factores que motivaron esta decisión se encuentran las presiones inflacionarias persistentes y la incertidumbre económica global, que requieren un monitoreo constante para garantizar la estabilidad de precios.

**Perspectivas:**
A futuro, Banxico indica que la trayectoria de las tasas dependerá de la evolución de la inflación y de las condiciones económicas. La postura de México se mantiene cautelosa en comparación con Estados Unidos, donde las decisiones de política monetaria pueden ser más agresivas debido a diferentes dinámicas inflacionarias y de crecimiento. Esto sugiere que Banxico podría adoptar un enfoque más gradual en el ajuste de tasas, priorizando la estabilidad económica interna.",• No se encontró información relevante sobre actividad_economica_empleo en este informe.,30,2021-09-01T00:00:00
octubre-diciembre 2021.pdf,2021,Q4,16,Restrictiva,1.0,0.8,Banxico continuará vigilando las presiones inflacionarias.,Incrementos en la tasa de interés para controlar la inflación.,1.0,0.5,0.5,1.0,0.0,1.0,2025-09-25T12:53:22.931863,0.0,"**Evaluación Actual:**
La inflación general se sitúa por encima del objetivo del Banco de México (Banxico) de 3% +/- 1%, alcanzando niveles superiores al 4% y, en algunos indicadores, incluso por encima del 5%. La inflación subyacente también muestra una tendencia al alza, influenciada por variaciones extremas en precios. Factores clave que impulsan esta dinámica incluyen el aumento de costos en bienes y servicios, presiones en la cadena de suministro y expectativas inflacionarias persistentes.

**Perspectivas:**
Los pronósticos sugieren que la inflación podría continuar elevada en el corto plazo, con un balance de riesgos que incluye tanto presiones internas como externas. Esto podría llevar a Banxico a mantener una postura restrictiva en su política monetaria, con posibles incrementos en la tasa de interés para controlar la inflación. Las decisiones futuras dependerán de la evolución de los precios y de la efectividad de las medidas implementadas para mitigar la inflación. La situación requiere un monitoreo constante para ajustar la política según sea necesario y asegurar la estabilidad económica.","**Decisión de Política:**
El Banco de México (Banxico) decidió incrementar la Tasa de Interés Interbancaria a 1 día en 25 puntos base el 11 de noviembre de 2021 y en 50 puntos base el 16 de diciembre de 2021. Esta decisión se justifica por la necesidad de controlar la inflación, que ha mostrado un aumento significativo, impulsada por factores como el incremento en los precios de los energéticos y las presiones en las cadenas de suministro. La Junta de Gobierno considera que un ajuste en la tasa es esencial para anclar las expectativas inflacionarias y mantener la estabilidad de precios.

**Perspectivas:**
A futuro, Banxico sugiere que la trayectoria de las tasas dependerá de la evolución de la inflación y de las condiciones económicas internas y externas. Se anticipa que, si las presiones inflacionarias persisten, podrían seguirse realizando ajustes en la tasa. En comparación con Estados Unidos, donde la Reserva Federal también ha adoptado una postura de endurecimiento monetario, México podría mantener una postura más cautelosa, dependiendo de la dinámica inflacionaria y del crecimiento económico, buscando equilibrar la estabilidad de precios con el impulso a la economía.","El informe trimestral de Banxico revela un crecimiento moderado del PIB, afectado negativamente por la construcción y la manufactura de equipo de transporte. A noviembre de 2021, el mercado laboral muestra signos de estrechez, con un aumento en la desocupación y un leve crecimiento en el empleo formal, aunque los salarios siguen presionados. 

Las condiciones de holgura económica se han reducido, lo que sugiere un entorno más ajustado en la actividad económica. Esta estrechez en el mercado laboral y el consumo podría generar presiones inflacionarias a futuro, dado que un mercado laboral más ajustado tiende a elevar los salarios, lo que a su vez puede trasladarse a los precios. 

En resumen, la combinación de un crecimiento del PIB limitado y un mercado laboral en estrechez indica que la economía enfrenta desafíos que podrían intensificar las presiones inflacionarias, complicando la política monetaria del Banxico en el corto y mediano plazo.",30,2021-12-01T00:00:00
enero-marzo 2022.pdf,2022,Q1,17,Restrictiva,1.0,0.85,Banxico actuará con contundencia para controlar la inflación.,Compromiso con la estabilidad del poder adquisitivo.,1.0,0.5,0.5,1.0,0.0,1.0,2025-09-25T12:53:33.987712,0.0,"**Evaluación Actual:**
La inflación general se encuentra por encima del objetivo del Banco de México (Banxico) de 3% +/- 1%, con tasas anuales que reflejan un deterioro continuo desde el segundo trimestre de 2022. La inflación subyacente, aunque se espera que se estabilice alrededor del 3% desde el primer trimestre de 2023, sigue mostrando niveles elevados, lo que indica una persistencia en la presión inflacionaria. Los factores clave que impulsan esta dinámica incluyen presiones externas derivadas de la pandemia y conflictos geopolíticos, que afectan especialmente los precios de alimentos y energéticos.

**Perspectivas:**
Los pronósticos sugieren que la inflación podría continuar con un sesgo al alza, lo que implica un balance de riesgos negativo. Las presiones inflacionarias externas y la persistencia de la inflación subyacente son preocupaciones significativas. Esto sugiere que Banxico podría mantener una postura restrictiva en su política monetaria para controlar la inflación, lo que podría incluir ajustes en las tasas de interés para mitigar los riesgos inflacionarios y acercarse al objetivo establecido.","En el informe trimestral de Banxico, se decidió incrementar la Tasa de Interés Interbancaria a 1 día en 50 puntos base en dos ocasiones (10 de febrero y 24 de marzo de 2022). Esta decisión se justifica por la necesidad de controlar la inflación, que ha mostrado presiones al alza debido a factores como el aumento en los precios de los alimentos y la energía, así como las disrupciones en las cadenas de suministro globales.

Las perspectivas futuras indican que la trayectoria de las tasas de interés podría continuar en aumento, dependiendo de la evolución de la inflación y las condiciones económicas internas y externas. Banxico se mantiene atento a los riesgos inflacionarios y a la política monetaria de la Reserva Federal de Estados Unidos, que también ha adoptado una postura más restrictiva. En comparación, la postura de México es relativamente más cautelosa, buscando equilibrar el crecimiento económico con la estabilidad de precios, lo que podría llevar a un ajuste más gradual en las tasas en el futuro.",• No se encontró información relevante sobre actividad_economica_empleo en este informe.,30,2022-03-01T00:00:00
abril-junio 2022.pdf,2022,Q2,18,Restrictiva,1.0,0.85,Banxico continuará ajustando la tasa de interés según la inflación.,Se mantiene un enfoque en la estabilidad de precios.,1.0,0.5,0.5,1.0,0.0,1.0,2025-09-25T12:53:46.750468,0.0,"**Evaluación Actual:**
La inflación general y subyacente se mantiene por encima del objetivo del Banco de México (Banxico) de 3% +/- 1%. Factores clave que impulsan la dinámica inflacionaria incluyen presiones de costos, condiciones de contratación laboral y la persistencia de la inflación subyacente en niveles elevados. A pesar de la holgura en la economía, estos elementos continúan afectando los precios.

**Perspectivas:**
Los pronósticos indican un sesgo al alza en la inflación, lo que sugiere que los riesgos son significativos. Entre los principales riesgos se encuentra la posibilidad de que las medidas del Paquete Contra la Inflación y la Carestía (PACIC) generen un impacto mayor al esperado. Esto podría complicar aún más la situación inflacionaria. Las implicaciones para la política monetaria son claras: Banxico podría verse obligado a mantener o incluso aumentar las tasas de interés para controlar la inflación, lo que afectaría el crecimiento económico. La vigilancia constante de los indicadores económicos y la adaptación de las políticas serán cruciales para mitigar estos riesgos inflacionarios.","En el informe trimestral del Banco de México (Banxico), se decidió incrementar la Tasa de Interés Interbancaria a 1 día en 50 puntos base el 12 de mayo de 2022 y en 75 puntos base el 23 de junio de 2022. Esta decisión se justifica por la necesidad de controlar la inflación, que ha mostrado presiones al alza debido a factores como el aumento de precios de materias primas y problemas en las cadenas de suministro. La Junta de Gobierno considera que un ajuste en la tasa es esencial para anclar las expectativas inflacionarias y mantener la estabilidad de precios.

En cuanto a las perspectivas futuras, Banxico sugiere que la trayectoria de tasas podría continuar en aumento, dependiendo de la evolución de la inflación y las condiciones económicas internas y externas. Comparativamente, la postura de México se alinea con la de Estados Unidos, donde también se han implementado incrementos en las tasas de interés para combatir la inflación. Sin embargo, Banxico enfatiza la necesidad de adaptar su política monetaria a las particularidades de la economía mexicana, buscando un equilibrio entre el crecimiento y la estabilidad de precios.","En el segundo trimestre de 2022, el PIB de Estados Unidos experimentó una contracción del 0.1%, sumándose a una caída previa del 0.4%. Esta desaceleración se atribuye a la disminución en inventarios, inversión y gasto gubernamental, aunque el consumo privado, especialmente en servicios, y las exportaciones netas contribuyeron positivamente al crecimiento. En el mercado laboral, a pesar de la contracción económica, se observó fortaleza en el empleo formal y los salarios, lo que sugiere una resiliencia en el sector.

Las condiciones de holgura económica se han reducido, con una menor brecha negativa del producto en comparación con el trimestre anterior, aunque la incertidumbre persiste debido a la pandemia. La actividad industrial, sin embargo, mostró debilidades en construcción y manufactura. 

Las implicaciones de estas condiciones sugieren un entorno de holgura económica que podría moderar las presiones inflacionarias futuras, a pesar de las expectativas de un apretamiento monetario más acelerado. La combinación de un mercado laboral robusto y la desaceleración del crecimiento podría influir en la política monetaria, afectando las tasas de interés en las economías avanzadas.",30,2022-06-01T00:00:00
julio-septiembre 2022.pdf,2022,Q3,19,Restrictiva,1.0,0.85,Banxico continuará vigilando las presiones inflacionarias.,Se prevén más aumentos en la tasa de referencia.,1.0,0.5,0.5,0.7,0.2,1.0,2025-09-25T12:53:57.160893,0.0,"**Evaluación Actual:**
La inflación general y subyacente se sitúa por encima del objetivo del 3% +/- 1%, con proyecciones que indican que la inflación general se mantendrá elevada en el horizonte de pronóstico. Factores clave que impulsan esta dinámica incluyen presiones sobre la inflación subyacente, que se espera que descienda lentamente, y choques de corto plazo que afectan los precios. Aunque los precios de los energéticos han mostrado incrementos más moderados, las expectativas de inflación se han revisado al alza.

**Perspectivas:**
Los pronósticos sugieren que la inflación general se mantendrá por encima del objetivo, con una trayectoria ajustada al alza. El balance de riesgos se inclina hacia una mayor inflación debido a presiones persistentes en la subyacente. Esto implica que la política monetaria deberá mantenerse cautelosa, posiblemente con ajustes en las tasas de interés para contener la inflación y anclar las expectativas. La situación requiere un monitoreo constante para evaluar la efectividad de las medidas implementadas y su impacto en la estabilidad de precios.","**Decisión de Política:**
Banxico ha mantenido una postura monetaria restrictiva, elevando la Tasa Objetivo para abordar un panorama inflacionario que sigue sesgado al alza. La decisión se justifica por la necesidad de controlar las presiones inflacionarias y asegurar la convergencia hacia la meta del 3% en el mediano plazo. Factores económicos clave que motivaron esta decisión incluyen el aumento de precios en bienes y servicios, así como la incertidumbre en el entorno económico global.

**Perspectivas:**
La Junta de Gobierno de Banxico ha indicado que continuará monitoreando de cerca las presiones inflacionarias y los factores que afectan las expectativas de inflación. Se espera que la trayectoria de tasas se mantenga en un nivel restrictivo hasta que se logre una convergencia sostenida hacia la meta inflacionaria. En comparación con Estados Unidos, donde la Reserva Federal también ha adoptado una postura restrictiva, México podría mantener tasas más altas por un periodo prolongado debido a sus propias dinámicas inflacionarias y económicas, lo que sugiere una divergencia en las políticas monetarias de ambos países.","En el tercer trimestre de 2022, el crecimiento del PIB en México mostró señales de desaceleración, con una brecha negativa del producto que se redujo, indicando una mejora en la actividad económica. Sin embargo, el consumo privado perdió dinamismo debido a la disminución de los salarios reales y el endurecimiento de las condiciones financieras. El mercado laboral experimentó una ligera disminución en la tasa de desempleo, que pasó del 6.7% en junio al 6.6% en septiembre, aunque el empleo formal y los salarios enfrentan presiones.

Las condiciones de holgura económica continúan disminuyendo, sugiriendo una posible ausencia de holgura en el consumo y el mercado laboral. Esto podría implicar que la economía se encuentra cerca de su capacidad potencial, lo que podría generar presiones inflacionarias en el futuro. La incertidumbre en el entorno económico, exacerbada por factores externos como el conflicto en Ucrania y la inflación global, podría afectar la confianza del consumidor y la inversión, complicando aún más la recuperación económica. En resumen, aunque hay signos de mejora, persisten desafíos que podrían influir en la estabilidad económica y la inflación.",30,2022-09-01T00:00:00
octubre-diciembre 2022.pdf,2022,Q4,20,Restrictiva,1.0,0.8,Se anticipa un incremento adicional en la tasa de referencia.,La postura monetaria se mantiene enfocada en controlar la inflación.,1.0,0.5,0.5,1.0,0.0,1.0,2025-09-25T12:54:07.716179,0.0,"**Evaluación Actual:**
La inflación general se encuentra por encima del objetivo del Banco de México (Banxico) de 3% +/- 1%, con proyecciones que indican que se mantendrá elevada hasta el cuarto trimestre de 2024. La inflación subyacente, que excluye precios volátiles, también muestra una persistencia en niveles altos, lo que sugiere que las presiones inflacionarias son más duraderas de lo anticipado. Factores clave que impulsan esta dinámica incluyen la persistencia de costos elevados en alimentos y energéticos, así como la influencia de condiciones externas.

**Perspectivas:**
Los pronósticos indican que la inflación general podría acercarse al objetivo hacia finales de 2024, aunque con un sesgo al alza en el balance de riesgos. Los principales riesgos incluyen la continuidad de la inflación subyacente en niveles elevados y la posible inestabilidad en los precios internacionales de alimentos y energía. Estas condiciones sugieren que Banxico podría mantener una postura cautelosa en su política monetaria, posiblemente evitando recortes en tasas de interés hasta que se observe una desaceleración más clara de la inflación.","En el informe trimestral de Banxico, se decidió incrementar la Tasa de Interés Interbancaria a 1 día en 75 puntos base el 10 de noviembre de 2022 y en 50 puntos base el 15 de diciembre de 2022. Esta decisión se justifica por la necesidad de controlar la inflación, que se ha mantenido por encima de los objetivos establecidos, así como por la incertidumbre económica global y el aumento de las tasas de interés en Estados Unidos. Factores como el crecimiento moderado de la economía mexicana y la presión inflacionaria derivada de costos de energía y alimentos también influyeron en esta decisión.

En cuanto a las perspectivas futuras, Banxico sugiere que la trayectoria de las tasas de interés dependerá de la evolución de la inflación y de las condiciones económicas internas y externas. Comparativamente, la postura de México se alinea con la de Estados Unidos, donde la Reserva Federal también ha incrementado sus tasas para combatir la inflación. Esto refleja un enfoque coordinado en la política monetaria para estabilizar las economías frente a desafíos similares.","**Condiciones Actuales:**
El PIB muestra un crecimiento moderado, impulsado por una reactivación de la inversión, aunque la demanda externa y el consumo privado han debilitado su dinamismo. En el cuarto trimestre de 2022, el consumo de servicios creció, pero se desaceleró y se situó por debajo de los niveles pre-pandemia. El consumo de bienes presenta una tendencia a la baja, aunque se mantiene por encima de los niveles anteriores a la emergencia sanitaria. En el mercado laboral, la desocupación se mantiene controlada, pero el crecimiento del empleo formal y los salarios es limitado, lo que sugiere una recuperación aún frágil.

**Implicaciones:**
Las condiciones de holgura económica persisten, lo que podría mitigar las presiones inflacionarias en el futuro. La moderación en el consumo y el empleo formal sugiere que la economía no está operando a su máxima capacidad, lo que podría contribuir a un entorno inflacionario más estable. Sin embargo, la desaceleración en el consumo privado y la inversión podrían limitar el crecimiento económico a corto plazo, afectando la recuperación general.",30,2022-12-01T00:00:00
enero-marzo 2023.pdf,2023,Q1,21,Restrictiva,1.0,0.85,Se espera un fortalecimiento gradual de la postura monetaria.,Incremento de tasas en un entorno inflacionario complejo.,1.0,0.5,0.7,0.6,0.3,0.8,2025-09-25T12:54:18.300889,0.0,"**Evaluación Actual:**
La inflación general y subyacente se sitúan por encima del objetivo del Banco de México (Banxico) de 3% +/- 1%. Los factores clave que impulsan esta dinámica inflacionaria incluyen choques en los precios agropecuarios y, en menor medida, en los precios de los energéticos. Aunque se ha revisado a la baja el pronóstico de inflación para el segundo, tercer y cuarto trimestre de 2023, persiste la preocupación por la durabilidad de estos choques y su posible intensificación.

**Perspectivas:**
Los pronósticos sugieren que la inflación podría mantenerse en niveles similares a los considerados previamente, aunque con un ligero ajuste al alza en el segundo trimestre. Existe un balance de riesgos que incluye la posibilidad de que la inflación subyacente presente una mayor persistencia de lo esperado, lo que podría llevar a una reducción más lenta de la inflación. Esto implica que Banxico debe mantener una vigilancia constante sobre la situación inflacionaria y considerar ajustes en su política monetaria para mitigar presiones inflacionarias adicionales.","**Decisión de Política:**
En su reunión más reciente, la Junta de Gobierno de Banxico decidió mantener la tasa objetivo de interés interbancaria a un día en 11.25%, justificando esta decisión por un panorama inflacionario complejo y presiones inflacionarias persistentes. A pesar de un ciclo alcista en las tasas, se observó que la inflación subyacente se comportó de manera más desfavorable de lo anticipado, lo que llevó a la necesidad de vigilar de cerca las expectativas inflacionarias.

**Perspectivas:**
Banxico ha proporcionado una guía prospectiva sobre la trayectoria futura de las tasas, indicando que la inflación seguirá siendo complicada e incierta a lo largo del horizonte de pronóstico, con riesgos al alza. Esta guía no implica un compromiso firme, pero ofrece claridad sobre las intenciones de política monetaria. En comparación con Estados Unidos, la postura de México se mantiene restrictiva, reflejando la prioridad de estabilidad de precios en un contexto de inflación elevada. La Junta de Gobierno continuará evaluando los factores que afectan la inflación para ajustar su política según sea necesario.",• No se encontró información relevante sobre actividad_economica_empleo en este informe.,30,2023-03-01T00:00:00
abril-junio 2023.pdf,2023,Q2,22,Neutral,0.0,0.8,Se anticipa una convergencia a la meta de inflación para finales de 2024.,Se mantiene la política monetaria sin cambios.,0.7,0.5,0.6,0.4,0.3,0.7,2025-09-25T12:54:28.753581,0.0,"**Evaluación Actual:**
La inflación general se sitúa en 7.5% y la subyacente en 8.3%, ambas significativamente por encima del objetivo del Banco de México del 3% +/- 1%. Los factores que impulsan esta dinámica inflacionaria incluyen presiones en los precios de energéticos y agropecuarios, así como un menor traspaso de costos a los precios al consumidor. La apreciación del tipo de cambio podría ayudar a mitigar algunas de estas presiones.

**Perspectivas:**
Los pronósticos indican una disminución gradual de la inflación general, proyectándose en 4.6% para el cuarto trimestre de 2023 y 3.1% para 2025. Sin embargo, el balance de riesgos es mixto, con la posibilidad de que una desaceleración económica global sea más pronunciada de lo esperado. Esto podría influir en la política monetaria, sugiriendo que el Banco de México podría mantener una postura cautelosa, ajustando las tasas de interés según la evolución de la inflación y la economía. La implementación de medidas del Gobierno Federal para combatir la carestía también podría tener un impacto significativo en la trayectoria inflacionaria.","En su reciente informe trimestral, el Banco de México (Banxico) decidió mantener la tasa de interés objetivo en 11.25%, justificando esta decisión por la persistencia de presiones inflacionarias, a pesar de una tendencia de desinflación. La Junta de Gobierno destacó que, aunque la inflación general y subyacente han mostrado signos de descenso, los niveles siguen siendo elevados, lo que mantiene un panorama inflacionario complejo. La mitigación de choques inflacionarios ha mejorado el balance de riesgos, pero la inflación aún presenta una tendencia ascendente.

En cuanto a las perspectivas futuras, Banxico sugiere que la trayectoria de tasas podría mantenerse estable en el corto plazo, dado el contexto inflacionario menos adverso en comparación con 2022. Sin embargo, la vigilancia sobre la inflación sigue siendo crucial. En relación con Estados Unidos, la postura de México se mantiene relativamente alineada, aunque las decisiones de política monetaria en ambos países pueden divergir dependiendo de sus respectivos contextos económicos. Esto sugiere que Banxico continuará evaluando cuidadosamente las condiciones internas y externas antes de realizar ajustes en su política monetaria.","**Condiciones Actuales:**
El PIB mostró un crecimiento moderado en el segundo trimestre de 2023, impulsado principalmente por un aumento en la inversión y el consumo interno. Las ventas en industrias manufactureras y el comercio al por menor, especialmente en el sector de vehículos ligeros, reflejan un desempeño positivo. Sin embargo, la demanda externa se mantuvo débil, lo que podría limitar el crecimiento futuro. En el mercado laboral, la tasa de desocupación se mantiene relativamente baja, aunque el empleo formal ha crecido a un ritmo moderado. Los salarios han mostrado incrementos, pero no siempre han sido suficientes para contrarrestar la inflación.

**Implicaciones:**
Las condiciones de holgura económica son evidentes, dado el crecimiento moderado del PIB y la estabilidad en el mercado laboral. Esto sugiere que la economía tiene capacidad para absorber más actividad sin generar presiones inflacionarias significativas en el corto plazo. Sin embargo, la debilidad en la demanda externa podría limitar el crecimiento sostenido y, si los salarios continúan aumentando sin un correspondiente incremento en la productividad, podrían surgir presiones inflacionarias en el futuro.",30,2023-06-01T00:00:00
julio-septiembre 2023.pdf,2023,Q3,23,Restrictiva,1.0,0.85,La inflación requiere atención continua y medidas firmes.,La tasa de referencia se mantiene en 11.25%.,1.0,0.5,0.5,0.5,0.0,1.0,2025-09-25T12:54:38.187558,0.0,"**Evaluación Actual:**
La inflación general y subyacente se encuentra por encima del objetivo del 3% +/- 1%, aunque se anticipa una trayectoria descendente. Los factores clave que impulsan la dinámica inflacionaria incluyen los choques en los precios de los servicios, que han aumentado debido a costos empresariales elevados y una recuperación lenta de la demanda post-pandemia. Esto ha generado un traspaso gradual de costos a los precios al consumidor.

**Perspectivas:**
Se prevé que la inflación continúe disminuyendo, aunque el panorama sigue siendo complicado. Los pronósticos sugieren que la convergencia hacia la meta del 3% requerirá mantener la tasa de referencia en su nivel actual. El balance de riesgos incluye la incertidumbre sobre la evolución de la inflación y la necesidad de monitorear variables económicas y financieras tanto internas como externas. Las implicaciones para la política monetaria indican que la Junta de Gobierno deberá ser cautelosa y flexible, ajustando su enfoque según la evolución de la inflación y los desafíos que persistan en el entorno inflacionario.",• No se encontró información relevante sobre tasas_de_interes en este informe.,"En el tercer trimestre de 2023, el crecimiento del PIB en México muestra una expansión moderada, con una brecha del producto ampliándose, aunque sin ser estadísticamente significativa. Las actividades en el sector de la construcción, minería y manufacturas sin equipo han experimentado condiciones de holgura, mientras que los servicios profesionales reflejan un dinamismo positivo. En el mercado laboral, la desocupación se mantiene baja y el empleo formal ha crecido, lo que sugiere una mejora en la calidad del empleo y un aumento en los salarios.

Las condiciones de holgura económica en ciertos sectores podrían implicar una capacidad limitada para generar presiones inflacionarias a corto plazo. Sin embargo, la fortaleza del mercado laboral y el crecimiento en el consumo podrían contrarrestar este efecto, sugiriendo que la inflación podría mantenerse contenida en el futuro. La incertidumbre sobre el producto potencial, exacerbada por la pandemia, añade un nivel de complejidad al análisis, pero en general, la economía muestra signos de resiliencia y crecimiento moderado.",30,2023-09-01T00:00:00
octubre-diciembre 2023.pdf,2023,Q4,24,Restrictiva,1.0,0.8,Banxico continuará vigilando las presiones inflacionarias.,Se mantiene la tasa de referencia en 11.25%.,1.0,0.5,0.5,0.5,0.0,1.0,2025-09-25T12:54:49.438985,0.0,"**Evaluación Actual:**
La inflación general se sitúa por debajo del objetivo del Banco de México (Banxico) de 3% +/- 1%, con proyecciones que indican que la inflación subyacente se mantendrá cerca del 3% en 2025. Factores clave que impulsan la dinámica inflacionaria incluyen el traspaso de presiones de costos y la influencia de un tipo de cambio más bajo, que ha contribuido a mitigar ciertas presiones inflacionarias.

**Perspectivas:**
Se anticipa que la inflación continuará a la baja, pero persisten riesgos significativos que podrían alterar esta tendencia, como la posibilidad de choques inflacionarios más duraderos o nuevos eventos que presionen los precios al alza. El balance de riesgos se considera sesgado al alza, lo que sugiere que las proyecciones podrían ser optimistas. Esto implica que Banxico deberá mantener una vigilancia estrecha sobre la inflación y podría requerir ajustes en la política monetaria para asegurar que se mantenga dentro del rango objetivo, especialmente si se materializan los riesgos mencionados.",• No se encontró información relevante sobre tasas_de_interes en este informe.,"**Condiciones Actuales:**
El crecimiento del PIB en el cuarto trimestre de 2023 se mantuvo moderado, con una expansión del 0.8% en EE. UU., aunque inferior al trimestre anterior. En México, la actividad económica sigue debilitada, afectada por la baja confianza del consumidor y condiciones financieras restrictivas. La tasa de desempleo en México disminuyó ligeramente de 6.5% a 6.4%, pero la creación de empleo formal y el aumento de salarios siguen siendo inciertos, reflejando una recuperación laboral lenta.

**Implicaciones:**
Las condiciones de holgura económica persisten, lo que sugiere que la capacidad productiva no se está utilizando plenamente. Esto podría mitigar las presiones inflacionarias a corto plazo, ya que la demanda sigue débil y el consumo privado no muestra un crecimiento robusto. Sin embargo, la incertidumbre en el mercado laboral y la inversión podrían limitar la recuperación económica futura, lo que podría generar un entorno inflacionario más complejo si la demanda se recupera rápidamente. En resumen, la economía enfrenta desafíos significativos que podrían influir en la estabilidad de precios a largo plazo.",30,2023-12-01T00:00:00
enero-marzo 2024.pdf,2024,Q1,25,Restrictiva,1.0,0.8,Banxico continuará evaluando la tasa de interés según la inflación.,Se mantiene un manejo prudente de la política monetaria.,1.0,0.5,0.5,0.5,0.5,1.0,2025-09-25T12:55:00.044279,0.0,"**Evaluación Actual:**
La inflación general en México, aunque ha mostrado un descenso, se mantiene por encima del objetivo del Banco de México (Banxico) de 3% +/- 1%, alcanzando niveles cercanos al 11.00%. La inflación subyacente, que excluye precios volátiles, también sigue elevada, lo que indica presiones persistentes en la economía. Factores clave que impulsan esta dinámica inflacionaria incluyen el aumento en los precios de energéticos y otros bienes, así como la inercia inflacionaria que afecta las expectativas de precios.

**Perspectivas:**
Se prevé una reducción gradual de la inflación, pero el balance de riesgos se mantiene sesgado al alza, lo que sugiere que la inflación podría permanecer elevada más tiempo del esperado. Banxico ha respondido aumentando la tasa de referencia a 11.25% en un esfuerzo por controlar la inflación. Las implicaciones para la política monetaria son claras: se requerirá un manejo prudente y vigilante para abordar las presiones inflacionarias y ajustar las expectativas del mercado, lo que podría implicar más incrementos en la tasa de interés si las condiciones no mejoran.","En su informe trimestral, el Banco de México (Banxico) decidió reducir la tasa de interés objetivo en 25 puntos base, situándola en 11.00%. Esta decisión se justifica por el avance del proceso desinflacionario y la necesidad de mantener un entorno de inflación baja y estable, alineado con su meta del 3%. Los factores económicos clave que motivaron esta decisión incluyen la evolución positiva de la inflación y la efectividad de la postura monetaria restrictiva implementada previamente.

De cara al futuro, Banxico evaluará la trayectoria de la tasa de interés en función del panorama inflacionario y la persistencia de los choques económicos. La Junta de Gobierno se muestra cautelosa, considerando que la desinflación podría ser más gradual de lo anticipado. En comparación con Estados Unidos, donde la política monetaria puede ser más flexible, México mantiene una postura más restrictiva, buscando consolidar su compromiso con la estabilidad de precios. Esto sugiere que, aunque se prevén ajustes en la tasa, estos serán medidos y dependerán de la evolución de la inflación y otros factores económicos.","En el primer trimestre de 2024, la economía mexicana mostró un crecimiento moderado del PIB, impulsado principalmente por la recuperación de las actividades primarias y terciarias, que crecieron 1.70% y 0.64%, respectivamente. Sin embargo, la actividad industrial continuó débil, con una contracción del 0.48%, destacando la caída en la fabricación de equipo de transporte. 

En cuanto al mercado laboral, se observó una mejora en el empleo formal, aunque la tasa de desocupación sigue siendo un indicador preocupante. Los salarios han mostrado un crecimiento moderado, lo que sugiere una presión limitada sobre el poder adquisitivo de los trabajadores.

Las condiciones de holgura económica persisten, lo que podría mitigar las presiones inflacionarias en el corto plazo. Sin embargo, la debilidad en la actividad industrial y la contracción en ciertos sectores podrían generar incertidumbre sobre la sostenibilidad del crecimiento futuro. Esto sugiere que, aunque las presiones inflacionarias son moderadas actualmente, la evolución del mercado laboral y la recuperación industrial serán cruciales para determinar la trayectoria inflacionaria en el futuro cercano.",30,2024-03-01T00:00:00
abril-junio 2024.pdf,2024,Q2,26,Restrictiva,1.0,0.85,Banxico mantendrá una política monetaria prudente ante riesgos inflacionarios.,La inflación subyacente sigue siendo un foco de atención.,1.0,0.5,0.5,0.5,0.0,1.0,2025-09-25T12:55:10.307666,0.0,"**Evaluación Actual:**
La inflación general se encuentra por encima del objetivo del Banco de México (Banxico) de 3% +/- 1%, con un nivel actual de 2.9%. La inflación subyacente, que excluye precios volátiles, ha mostrado cierta volatilidad, cayendo a 2.7% en abril, pero repuntando nuevamente a 2.9% en mayo y manteniéndose en ese nivel hasta julio. Los factores clave que impulsan la dinámica inflacionaria incluyen presiones en los precios de bienes y servicios, así como expectativas de inflación que se mantienen elevadas en comparación con los objetivos establecidos.

**Perspectivas:**
Los pronósticos sugieren una moderación de la inflación general hacia finales de 2024, aunque las expectativas de inflación a corto y largo plazo siguen superando los objetivos en muchas economías avanzadas. Esto implica un balance de riesgos que podría llevar a Banxico a mantener una postura cautelosa en su política monetaria. La necesidad de ajustar las tasas de interés podría ser considerada para anclar las expectativas inflacionarias y asegurar que la inflación regrese a niveles deseados, lo que podría influir en la estabilidad económica a mediano plazo.","**Decisión de Política:**
Banxico decidió reducir la tasa de referencia en 25 puntos base a 10.75% debido a la continua disminución de la inflación subyacente, aunque la inflación de servicios mostró mayor persistencia. La Junta de Gobierno consideró que, a pesar de la necesidad de mantener una postura restrictiva, era adecuado reducir el grado de apretamiento monetario, dado que los choques inflacionarios se disiparían más lentamente de lo anticipado.

**Perspectivas:**
A futuro, la Junta prevé que el entorno inflacionario permitirá discutir nuevos ajustes en la tasa de referencia, con la expectativa de que la inflación general converja a la meta en el cuarto trimestre de 2025, un plazo más largo de lo previsto. En comparación con Estados Unidos, donde la política monetaria puede ser más agresiva, México adoptará un enfoque más cauteloso, considerando la debilidad de la actividad económica y los choques globales persistentes. Esto sugiere que la trayectoria de tasas en México podría ser más gradual en comparación con la de su vecino del norte.","En el segundo trimestre de 2024, la economía mexicana mostró un crecimiento moderado del PIB, impulsado principalmente por el consumo interno, aunque este último se situó ligeramente por debajo de cero, lo que sugiere una desaceleración en la demanda. El mercado laboral se mantuvo robusto, con una tasa de desocupación estable y un aumento en el empleo formal, lo que indica una mejora en las condiciones laborales. Sin embargo, los salarios no han mostrado un crecimiento significativo, lo que podría limitar el poder adquisitivo de los trabajadores.

Las condiciones de holgura económica persisten, lo que sugiere que la economía aún tiene capacidad para crecer sin generar presiones inflacionarias significativas. Sin embargo, la desaceleración en el consumo podría ser un indicativo de futuras tensiones en la inflación, especialmente si los salarios no se ajustan al alza. En resumen, aunque el mercado laboral se presenta sólido, la debilidad en el consumo y el estancamiento salarial podrían afectar la dinámica económica y las expectativas inflacionarias en el futuro.",30,2024-06-01T00:00:00
julio-septiembre 2024.pdf,2024,Q3,27,Expansiva,-1.0,0.8,Se anticipan ajustes adicionales a la tasa de referencia en el futuro.,La política monetaria se mantiene pro-crecimiento.,0.5,0.5,0.7,0.4,0.3,0.6,2025-09-25T12:55:20.046481,0.0,"**Evaluación Actual:**
La inflación general y subyacente se encuentran por encima del objetivo del 3% +/- 1%, impulsadas por choques de oferta en los precios de productos agropecuarios y energéticos. Estos factores han generado variaciones más acentuadas en la inflación subyacente, aunque se espera que estos efectos se mitiguen en los próximos trimestres.

**Perspectivas:**
Los pronósticos para la inflación general sugieren una tendencia a la baja, alineándose con las expectativas del informe previo. Sin embargo, persisten riesgos asociados a la volatilidad de los precios de los alimentos y la energía. La política monetaria deberá considerar estos factores, manteniendo una postura vigilante para ajustar las tasas de interés si la inflación no se alinea con las proyecciones. La reducción de los choques de oferta es crucial para estabilizar la inflación y alcanzar el objetivo del banco central.",• No se encontró información relevante sobre tasas_de_interes en este informe.,"En el tercer trimestre de 2024, el crecimiento del PIB se mantuvo estable, con un enfoque particular en las actividades terciarias, que mostraron una brecha cercana a cero, aunque excluyendo servicios profesionales, esta se tornó positiva. El mercado laboral presenta una situación mixta: la desocupación se mantiene controlada, pero el empleo formal y los salarios han experimentado ligeras disminuciones en comparación con el segundo trimestre del año. 

Las condiciones de holgura económica son evidentes, dado que la expansión de las fuentes internas de financiamiento ha sido significativa, mientras que las externas han mostrado un leve incremento. Esto sugiere que la economía tiene capacidad para crecer sin generar presiones inflacionarias inmediatas. Sin embargo, la disminución en el empleo formal y los salarios podría limitar el consumo y, por ende, el crecimiento futuro. 

En resumen, aunque las condiciones actuales permiten un crecimiento moderado, es crucial monitorear la evolución de los agregados monetarios y crediticios para anticipar posibles presiones inflacionarias en el futuro.",30,2024-09-01T00:00:00
octubre-diciembre 2024.pdf,2024,Q4,28,Expansiva,-1.0,0.8,Se anticipa continuar con recortes en la tasa de interés.,La postura monetaria se mantiene pro-crecimiento.,0.8,0.6,0.7,0.5,0.4,0.6,2025-09-25T12:55:31.447543,0.0,• No se encontró información relevante sobre inflacion en este informe.,"**Decisión de Política:**
Banxico decidió reducir la tasa de referencia en 25 puntos base, llevándola al 10.00%. Esta decisión se justifica por la debilidad de la actividad económica y la necesidad de mantener una postura monetaria restrictiva para controlar la inflación. A pesar de los choques globales que han afectado el panorama inflacionario, el Banco Central considera que es crucial continuar con el apretamiento monetario para lograr la convergencia hacia la meta de inflación del 3%.

**Perspectivas:**
El Banco Central reafirma su compromiso con la estabilidad de precios y anticipa que la trayectoria de tasas seguirá ajustándose para propiciar una reducción ordenada de la inflación. En comparación con Estados Unidos, donde la política monetaria puede ser más flexible, México mantiene una postura más restrictiva, reflejando la necesidad de abordar los desafíos inflacionarios internos. La Junta de Gobierno enfatiza la importancia de perseverar en sus esfuerzos para consolidar un entorno de inflación baja y estable, alineándose con los promedios históricos previos a la pandemia.","En el informe trimestral de Banxico, se observa un crecimiento del PIB de 3.7%, 3.3% y 1.3% en 2022, 2023 y 2024, respectivamente, indicando una desaceleración en la economía. Los componentes principales del PIB reflejan una variabilidad en su desempeño, sugiriendo que ciertos sectores están enfrentando desafíos. En el mercado laboral, la desocupación se mantiene en niveles moderados, mientras que el empleo formal ha mostrado un crecimiento, aunque los salarios no han aumentado al mismo ritmo, lo que podría afectar el poder adquisitivo de los trabajadores.

Las condiciones de holgura económica son evidentes, lo que sugiere que la economía aún tiene capacidad para crecer sin generar presiones inflacionarias significativas. Sin embargo, la desaceleración del crecimiento del PIB y el estancamiento en el aumento de salarios podrían limitar la demanda agregada, lo que a su vez podría moderar las presiones inflacionarias futuras. En resumen, aunque la economía muestra signos de crecimiento, la desaceleración y la dinámica del mercado laboral plantean retos que podrían influir en la estabilidad económica a corto y mediano plazo.",30,2024-12-01T00:00:00
enero-marzo 2025.pdf,2025,Q1,29,Expansiva,-1.0,0.8,Banxico continuará evaluando la postura monetaria en función de la inflación.,Reducción de la tasa de referencia en 50 puntos base.,0.5,0.7,0.4,0.6,0.3,0.7,2025-09-25T12:55:43.653602,0.0,"**Evaluación Actual:**
La inflación general se sitúa en 3.97%, mientras que la inflación subyacente es de 3.65%, ambas dentro del objetivo del Banco de México (Banxico) de 3% +/- 1%. La inflación subyacente ha mostrado una tendencia a la baja, reflejando una desaceleración en los choques inflacionarios globales. Los factores clave que impulsan esta dinámica incluyen un incremento en los precios de mercancías, aunque la inflación de servicios ha mantenido una tendencia a la baja, lo que sugiere una estabilización en la economía.

**Perspectivas:**
Se anticipa que la inflación subyacente continúe disminuyendo hacia finales de 2024, con pronósticos que sugieren un retorno a niveles más cercanos al objetivo de Banxico. Sin embargo, el balance de riesgos se mantiene, dado que factores globales podrían influir en la inflación. Las implicaciones para la política monetaria indican que Banxico podría mantener su postura actual, vigilando de cerca la evolución de los precios y ajustando las tasas de interés si es necesario para asegurar la estabilidad de precios.","En su informe trimestral, el Banco de México (Banxico) decidió reducir la tasa de referencia en 50 puntos base en febrero, marzo y mayo, situándola en 8.50%. Esta decisión se justifica por la evaluación del panorama inflacionario, que muestra un componente subyacente por debajo del 4% durante ocho meses consecutivos, a pesar de un reciente aumento en la inflación de mercancías. La Junta de Gobierno considera que la restricción monetaria actual es adecuada para propiciar la convergencia de la inflación hacia la meta del 3%.

De cara al futuro, Banxico anticipa continuar con la calibración de su postura monetaria, con la posibilidad de realizar ajustes similares en la tasa de referencia, manteniendo una postura restrictiva. En comparación con Estados Unidos, donde la política monetaria puede ser más agresiva, México busca consolidar un entorno de inflación baja y estable, reafirmando su compromiso con su mandato prioritario. La estrategia de Banxico se centra en equilibrar el crecimiento económico con el control inflacionario, lo que sugiere un enfoque cauteloso en la trayectoria de tasas a futuro.","En el primer bimestre de 2025, el crecimiento del PIB se muestra negativo, especialmente al excluir los servicios profesionales y de apoyo a los negocios, afectados por la reforma de subcontratación laboral de 2021. El indicador de consumo ha disminuido, manteniéndose por debajo de cero, lo que sugiere una desaceleración en la actividad económica. Sin embargo, el mercado laboral presenta una situación más favorable, con una tasa de desocupación históricamente baja, aunque el empleo formal ha mostrado desaceleración.

Las condiciones de holgura económica son evidentes, dado el estancamiento en el crecimiento del PIB y la reducción en el consumo. Esto podría mitigar las presiones inflacionarias futuras, ya que una economía con bajo crecimiento y empleo estable tiende a generar menos demanda agregada, lo que puede contribuir a una contención de precios. Sin embargo, la desaceleración del empleo formal podría generar incertidumbre en el mercado laboral, afectando el poder adquisitivo y el consumo a largo plazo. En resumen, la economía enfrenta desafíos significativos, aunque el mercado laboral presenta cierta resiliencia.",30,2025-03-01T00:00:00
abril-junio 2025.pdf,2025,Q2,30,Expansiva,-1.0,0.8,Se evaluarán recortes adicionales a la tasa de referencia.,La tasa de interés se redujo en 50 puntos base.,0.5,0.5,0.6,0.4,0.7,0.8,2025-09-25T12:55:55.231002,0.0,"**Evaluación Actual:**
La inflación general se sitúa en 3.7% y la subyacente en 3.6%, ambos por encima del objetivo del Banco de México (3% +/- 1%). Los factores que impulsan la inflación incluyen presiones de costos, una actividad económica en Estados Unidos y México que podría ser menor a la anticipada, y la apreciación del tipo de cambio, que ha limitado el traspaso de costos a precios.

**Perspectivas:**
Los pronósticos para la inflación general y subyacente se mantienen en niveles similares a los anteriores, con expectativas de 3.7% para 2025 y una ligera disminución hacia 3.0% en 2027. Sin embargo, el balance de riesgos se inclina hacia un aumento de la inflación si las presiones de costos persisten. Esto sugiere que la política monetaria deberá mantenerse vigilante, considerando posibles ajustes en las tasas de interés para controlar la inflación y asegurar que se mantenga dentro del rango objetivo. La situación económica en EE. UU. y la dinámica del tipo de cambio serán factores clave a monitorear en la formulación de políticas futuras.","**Decisión de Política:**
El Banco de México (Banxico) decidió reducir la Tasa de Interés Interbancaria a 1 día en 50 puntos base en dos ocasiones: el 15 de mayo y el 26 de junio de 2025. Esta decisión se justifica por la necesidad de estimular la economía ante un contexto de desaceleración del crecimiento y presiones inflacionarias moderadas. Factores económicos clave que motivaron esta decisión incluyen la disminución de la inflación y la necesidad de fomentar el consumo y la inversión en un entorno global incierto.

**Perspectivas:**
Banxico sugiere que la trayectoria futura de las tasas dependerá de la evolución de la inflación y el crecimiento económico. Se espera que, si las condiciones económicas mejoran, las tasas podrían estabilizarse o incrementarse gradualmente. En comparación con Estados Unidos, donde la Reserva Federal ha mantenido una postura más restrictiva, México adopta un enfoque más flexible, buscando equilibrar el crecimiento interno con la estabilidad de precios. Esto refleja una postura relativa más acomodaticia en el contexto de un entorno económico global desafiante.","En el informe trimestral de Banxico, se observa un crecimiento moderado del PIB, con una brecha negativa en el sector terciario, especialmente en comercio, lo que sugiere debilidades en el consumo. A pesar de esto, el indicador cíclico del consumo ha mostrado una ligera mejora, aunque sigue por debajo de cero. En el mercado laboral, las tasas de desocupación se mantienen bajas, lo que indica un entorno positivo para el empleo formal y los salarios.

Las condiciones de holgura económica son evidentes, dado que la brecha del PIB se encuentra en terreno negativo, lo que sugiere que la economía opera por debajo de su potencial. Esto podría limitar las presiones inflacionarias futuras, ya que una menor demanda agregada tiende a contener los precios. Sin embargo, el crecimiento del empleo y los salarios podría generar presiones inflacionarias si se sostiene en el tiempo. En resumen, aunque hay signos de recuperación en el consumo y el empleo, las brechas negativas sugieren que la economía aún enfrenta desafíos significativos.",30,2025-06-01T00:00:00
